/*
SQLyog Ultimate v10.42 
MySQL - 8.0.30 : Database - db_dht11_laravel_new
*********************************************************************
*/

/*!40101 SET NAMES utf8 */;

/*!40101 SET SQL_MODE=''*/;

/*!40014 SET @OLD_UNIQUE_CHECKS=@@UNIQUE_CHECKS, UNIQUE_CHECKS=0 */;
/*!40014 SET @OLD_FOREIGN_KEY_CHECKS=@@FOREIGN_KEY_CHECKS, FOREIGN_KEY_CHECKS=0 */;
/*!40101 SET @OLD_SQL_MODE=@@SQL_MODE, SQL_MODE='NO_AUTO_VALUE_ON_ZERO' */;
/*!40111 SET @OLD_SQL_NOTES=@@SQL_NOTES, SQL_NOTES=0 */;
CREATE DATABASE /*!32312 IF NOT EXISTS*/`db_dht11_laravel_new` /*!40100 DEFAULT CHARACTER SET utf8mb4 COLLATE utf8mb4_0900_ai_ci */ /*!80016 DEFAULT ENCRYPTION='N' */;

USE `db_dht11_laravel_new`;

/*Table structure for table `cache` */

DROP TABLE IF EXISTS `cache`;

CREATE TABLE `cache` (
  `key` varchar(255) COLLATE utf8mb4_unicode_ci NOT NULL,
  `value` mediumtext COLLATE utf8mb4_unicode_ci NOT NULL,
  `expiration` int NOT NULL,
  PRIMARY KEY (`key`)
) ENGINE=InnoDB DEFAULT CHARSET=utf8mb4 COLLATE=utf8mb4_unicode_ci;

/*Data for the table `cache` */

/*Table structure for table `cache_locks` */

DROP TABLE IF EXISTS `cache_locks`;

CREATE TABLE `cache_locks` (
  `key` varchar(255) COLLATE utf8mb4_unicode_ci NOT NULL,
  `owner` varchar(255) COLLATE utf8mb4_unicode_ci NOT NULL,
  `expiration` int NOT NULL,
  PRIMARY KEY (`key`)
) ENGINE=InnoDB DEFAULT CHARSET=utf8mb4 COLLATE=utf8mb4_unicode_ci;

/*Data for the table `cache_locks` */

/*Table structure for table `customers` */

DROP TABLE IF EXISTS `customers`;

CREATE TABLE `customers` (
  `customer_id` int NOT NULL AUTO_INCREMENT,
  `name` varchar(100) NOT NULL,
  `email` varchar(100) DEFAULT NULL,
  `phone_number` varchar(20) DEFAULT NULL,
  `address` text,
  PRIMARY KEY (`customer_id`)
) ENGINE=InnoDB AUTO_INCREMENT=6 DEFAULT CHARSET=utf8mb4 COLLATE=utf8mb4_0900_ai_ci;

/*Data for the table `customers` */

insert  into `customers`(`customer_id`,`name`,`email`,`phone_number`,`address`) values (1,'John Doe','john@example.com','081234567890','Jl. Merpati No. 12, Jakarta'),(2,'Jane Smith','jane@example.com','082345678901','Jl. Anggrek No. 45, Bandung'),(3,'Alice Johnson','alice@example.com','083456789012','Jl. Melati No. 67, Surabaya'),(4,'Bob Brown','bob@example.com','084567890123','Jl. Kenanga No. 89, Yogyakarta'),(5,'Charlie Davis','charlie@example.com','085678901234','Jl. Mawar No. 21, Medan');

/*Table structure for table `dht11` */

DROP TABLE IF EXISTS `dht11`;

CREATE TABLE `dht11` (
  `id` bigint unsigned NOT NULL AUTO_INCREMENT,
  `temperature` double NOT NULL,
  `humidity` double NOT NULL,
  `created_at` timestamp NULL DEFAULT NULL,
  `updated_at` timestamp NULL DEFAULT NULL,
  PRIMARY KEY (`id`)
) ENGINE=InnoDB AUTO_INCREMENT=635 DEFAULT CHARSET=utf8mb4 COLLATE=utf8mb4_unicode_ci;

/*Data for the table `dht11` */

insert  into `dht11`(`id`,`temperature`,`humidity`,`created_at`,`updated_at`) values (1,32.8,65,'2024-11-17 06:15:37','2024-11-17 06:15:37'),(2,32.8,65,'2024-11-17 06:15:42','2024-11-17 06:15:42'),(3,32.8,64,'2024-11-17 06:15:58','2024-11-17 06:15:58'),(4,32.8,65,'2024-11-17 06:15:59','2024-11-17 06:15:59'),(5,32.8,64,'2024-11-17 06:16:03','2024-11-17 06:16:03'),(6,32.8,64,'2024-11-17 06:16:09','2024-11-17 06:16:09'),(7,32.8,64,'2024-11-17 06:16:14','2024-11-17 06:16:14'),(8,32.8,64,'2024-11-17 06:16:19','2024-11-17 06:16:19'),(9,32.8,65,'2024-11-17 06:16:25','2024-11-17 06:16:25'),(10,32.8,65,'2024-11-17 06:16:30','2024-11-17 06:16:30'),(11,32.8,64,'2024-11-17 06:16:35','2024-11-17 06:16:35'),(12,32.8,65,'2024-11-17 06:16:40','2024-11-17 06:16:40'),(13,32.8,65,'2024-11-17 06:16:46','2024-11-17 06:16:46'),(14,32.8,65,'2024-11-17 06:16:51','2024-11-17 06:16:51'),(15,32.8,65,'2024-11-17 06:16:56','2024-11-17 06:16:56'),(16,32.8,65,'2024-11-17 06:17:02','2024-11-17 06:17:02'),(17,32.8,65,'2024-11-17 06:17:07','2024-11-17 06:17:07'),(18,32.8,65,'2024-11-17 06:17:12','2024-11-17 06:17:12'),(19,32.8,65,'2024-11-17 06:17:17','2024-11-17 06:17:17'),(20,32.8,65,'2024-11-17 06:17:23','2024-11-17 06:17:23'),(21,32.8,65,'2024-11-17 06:17:28','2024-11-17 06:17:28'),(22,32.8,65,'2024-11-17 06:17:34','2024-11-17 06:17:34'),(23,32.8,65,'2024-11-17 06:17:39','2024-11-17 06:17:39'),(24,32.8,65,'2024-11-17 06:17:44','2024-11-17 06:17:44'),(25,32.8,65,'2024-11-17 06:17:49','2024-11-17 06:17:49'),(26,32.8,65,'2024-11-17 06:17:55','2024-11-17 06:17:55'),(27,32.8,65,'2024-11-17 06:18:00','2024-11-17 06:18:00'),(28,32.8,65,'2024-11-17 06:18:05','2024-11-17 06:18:05'),(29,32.8,65,'2024-11-17 06:18:10','2024-11-17 06:18:10'),(30,32.8,65,'2024-11-17 06:18:16','2024-11-17 06:18:16'),(31,32.8,65,'2024-11-17 06:18:21','2024-11-17 06:18:21'),(32,32.8,65,'2024-11-17 06:18:26','2024-11-17 06:18:26'),(33,32.8,65,'2024-11-17 06:18:31','2024-11-17 06:18:31'),(34,32.8,65,'2024-11-17 06:18:37','2024-11-17 06:18:37'),(35,32.8,64,'2024-11-17 06:18:42','2024-11-17 06:18:42'),(36,32.8,64,'2024-11-17 06:18:47','2024-11-17 06:18:47'),(37,32.8,64,'2024-11-17 06:18:52','2024-11-17 06:18:52'),(38,32.8,64,'2024-11-17 06:18:58','2024-11-17 06:18:58'),(39,32.8,64,'2024-11-17 06:19:03','2024-11-17 06:19:03'),(40,32.8,64,'2024-11-17 06:19:08','2024-11-17 06:19:08'),(41,32.8,64,'2024-11-17 06:19:14','2024-11-17 06:19:14'),(42,32.8,64,'2024-11-17 06:19:19','2024-11-17 06:19:19'),(43,32.8,64,'2024-11-17 06:19:24','2024-11-17 06:19:24'),(44,32.8,64,'2024-11-17 06:19:29','2024-11-17 06:19:29'),(45,32.8,64,'2024-11-17 06:19:35','2024-11-17 06:19:35'),(46,32.8,64,'2024-11-17 06:19:40','2024-11-17 06:19:40'),(47,32.8,64,'2024-11-17 06:19:45','2024-11-17 06:19:45'),(48,33,63,'2024-11-17 06:19:50','2024-11-17 06:19:50'),(49,33.2,63,'2024-11-17 06:19:56','2024-11-17 06:19:56'),(50,33.3,63,'2024-11-17 06:20:01','2024-11-17 06:20:01'),(51,33.3,63,'2024-11-17 06:20:06','2024-11-17 06:20:06'),(52,33.3,64,'2024-11-17 06:20:11','2024-11-17 06:20:11'),(53,33.3,63,'2024-11-17 06:20:17','2024-11-17 06:20:17'),(54,33.3,63,'2024-11-17 06:20:22','2024-11-17 06:20:22'),(55,33.3,63,'2024-11-17 06:20:27','2024-11-17 06:20:27'),(56,33.3,63,'2024-11-17 06:20:33','2024-11-17 06:20:33'),(57,33.3,63,'2024-11-17 06:20:38','2024-11-17 06:20:38'),(58,33.3,64,'2024-11-17 06:20:43','2024-11-17 06:20:43'),(59,33.3,64,'2024-11-17 06:20:49','2024-11-17 06:20:49'),(60,33.3,64,'2024-11-17 06:20:54','2024-11-17 06:20:54'),(61,33.3,64,'2024-11-17 06:20:59','2024-11-17 06:20:59'),(62,33.3,64,'2024-11-17 06:21:05','2024-11-17 06:21:05'),(63,33.3,63,'2024-11-17 06:21:10','2024-11-17 06:21:10'),(64,33.3,63,'2024-11-17 06:21:15','2024-11-17 06:21:15'),(65,33.3,63,'2024-11-17 06:21:20','2024-11-17 06:21:20'),(66,33.3,63,'2024-11-17 06:21:26','2024-11-17 06:21:26'),(67,33.3,63,'2024-11-17 06:21:31','2024-11-17 06:21:31'),(68,33.3,63,'2024-11-17 06:21:36','2024-11-17 06:21:36'),(69,33.3,63,'2024-11-17 06:21:41','2024-11-17 06:21:41'),(70,33.3,63,'2024-11-17 06:21:47','2024-11-17 06:21:47'),(71,33.3,63,'2024-11-17 06:21:52','2024-11-17 06:21:52'),(72,33.3,63,'2024-11-17 06:21:57','2024-11-17 06:21:57'),(73,33.3,63,'2024-11-17 06:22:03','2024-11-17 06:22:03'),(74,33.3,63,'2024-11-17 06:22:08','2024-11-17 06:22:08'),(75,33.3,63,'2024-11-17 06:22:13','2024-11-17 06:22:13'),(76,33.3,63,'2024-11-17 06:22:19','2024-11-17 06:22:19'),(77,33.3,63,'2024-11-17 06:22:24','2024-11-17 06:22:24'),(78,33.3,63,'2024-11-17 06:22:29','2024-11-17 06:22:29'),(79,33.3,63,'2024-11-17 06:22:34','2024-11-17 06:22:34'),(80,33.3,63,'2024-11-17 06:22:40','2024-11-17 06:22:40'),(81,33.3,63,'2024-11-17 06:22:45','2024-11-17 06:22:45'),(82,33.3,63,'2024-11-17 06:22:50','2024-11-17 06:22:50'),(83,33.3,63,'2024-11-17 06:22:56','2024-11-17 06:22:56'),(84,33.3,63,'2024-11-17 06:23:01','2024-11-17 06:23:01'),(85,33.3,63,'2024-11-17 06:23:06','2024-11-17 06:23:06'),(86,33.3,63,'2024-11-17 06:23:12','2024-11-17 06:23:12'),(87,33.3,63,'2024-11-17 06:23:17','2024-11-17 06:23:17'),(88,33.3,63,'2024-11-17 06:23:22','2024-11-17 06:23:22'),(89,33.3,63,'2024-11-17 06:23:27','2024-11-17 06:23:27'),(90,33.3,63,'2024-11-17 06:23:33','2024-11-17 06:23:33'),(91,33.3,63,'2024-11-17 06:23:38','2024-11-17 06:23:38'),(92,33.3,63,'2024-11-17 06:23:43','2024-11-17 06:23:43'),(93,33.3,63,'2024-11-17 06:23:48','2024-11-17 06:23:48'),(94,33.3,63,'2024-11-17 06:23:54','2024-11-17 06:23:54'),(95,33.3,63,'2024-11-17 06:23:59','2024-11-17 06:23:59'),(96,33.3,63,'2024-11-17 06:24:04','2024-11-17 06:24:04'),(97,33.3,62,'2024-11-17 06:24:09','2024-11-17 06:24:09'),(98,33.3,62,'2024-11-17 06:24:14','2024-11-17 06:24:14'),(99,33.3,62,'2024-11-17 06:24:20','2024-11-17 06:24:20'),(100,33.3,62,'2024-11-17 06:24:25','2024-11-17 06:24:25'),(101,33.3,62,'2024-11-17 06:24:30','2024-11-17 06:24:30'),(102,33.3,62,'2024-11-17 06:24:35','2024-11-17 06:24:35'),(103,33.3,62,'2024-11-17 06:24:41','2024-11-17 06:24:41'),(104,33.3,62,'2024-11-17 06:24:46','2024-11-17 06:24:46'),(105,33.3,62,'2024-11-17 06:24:51','2024-11-17 06:24:51'),(106,33.3,62,'2024-11-17 06:24:57','2024-11-17 06:24:57'),(107,33.3,62,'2024-11-17 06:25:02','2024-11-17 06:25:02'),(108,33.3,62,'2024-11-17 06:25:07','2024-11-17 06:25:07'),(109,33.3,62,'2024-11-17 06:25:13','2024-11-17 06:25:13'),(110,33.3,62,'2024-11-17 06:25:18','2024-11-17 06:25:18'),(111,33.3,63,'2024-11-17 06:25:23','2024-11-17 06:25:23'),(112,33.3,63,'2024-11-17 06:25:29','2024-11-17 06:25:29'),(113,33.3,62,'2024-11-17 06:25:34','2024-11-17 06:25:34'),(114,33.3,62,'2024-11-17 06:25:39','2024-11-17 06:25:39'),(115,33.3,62,'2024-11-17 06:25:45','2024-11-17 06:25:45'),(116,33.3,62,'2024-11-17 06:25:50','2024-11-17 06:25:50'),(117,33.3,62,'2024-11-17 06:25:55','2024-11-17 06:25:55'),(118,33.3,62,'2024-11-17 06:26:01','2024-11-17 06:26:01'),(119,33.3,61,'2024-11-17 06:26:06','2024-11-17 06:26:06'),(120,33.3,61,'2024-11-17 06:26:12','2024-11-17 06:26:12'),(121,33.3,61,'2024-11-17 06:26:17','2024-11-17 06:26:17'),(122,33.3,61,'2024-11-17 06:26:23','2024-11-17 06:26:23'),(123,33.3,61,'2024-11-17 06:26:28','2024-11-17 06:26:28'),(124,33.3,61,'2024-11-17 06:26:34','2024-11-17 06:26:34'),(125,33.3,61,'2024-11-17 06:26:39','2024-11-17 06:26:39'),(126,33.3,61,'2024-11-17 06:26:44','2024-11-17 06:26:44'),(127,33.3,61,'2024-11-17 06:26:50','2024-11-17 06:26:50'),(128,33.3,61,'2024-11-17 06:26:55','2024-11-17 06:26:55'),(129,33.3,61,'2024-11-17 06:27:00','2024-11-17 06:27:00'),(130,33.3,61,'2024-11-17 06:27:06','2024-11-17 06:27:06'),(131,33.3,61,'2024-11-17 06:27:11','2024-11-17 06:27:11'),(132,33.3,61,'2024-11-17 06:27:16','2024-11-17 06:27:16'),(133,33.3,61,'2024-11-17 06:27:22','2024-11-17 06:27:22'),(134,33.3,61,'2024-11-17 06:27:27','2024-11-17 06:27:27'),(135,33.3,61,'2024-11-17 06:27:32','2024-11-17 06:27:32'),(136,33.3,61,'2024-11-17 06:27:37','2024-11-17 06:27:37'),(137,33.3,61,'2024-11-17 06:27:43','2024-11-17 06:27:43'),(138,33.3,61,'2024-11-17 06:27:48','2024-11-17 06:27:48'),(139,33.3,61,'2024-11-17 06:27:53','2024-11-17 06:27:53'),(140,33.3,61,'2024-11-17 06:27:59','2024-11-17 06:27:59'),(141,33.3,61,'2024-11-17 06:28:04','2024-11-17 06:28:04'),(142,33.3,61,'2024-11-17 06:28:09','2024-11-17 06:28:09'),(143,33.3,61,'2024-11-17 06:28:14','2024-11-17 06:28:14'),(144,33.3,61,'2024-11-17 06:28:20','2024-11-17 06:28:20'),(145,33.3,61,'2024-11-17 06:28:25','2024-11-17 06:28:25'),(146,33.3,61,'2024-11-17 06:28:30','2024-11-17 06:28:30'),(147,33.3,61,'2024-11-17 06:28:35','2024-11-17 06:28:35'),(148,33.3,61,'2024-11-17 06:28:41','2024-11-17 06:28:41'),(149,33.3,61,'2024-11-17 06:28:46','2024-11-17 06:28:46'),(150,33.3,61,'2024-11-17 06:28:52','2024-11-17 06:28:52'),(151,33.3,61,'2024-11-17 06:28:57','2024-11-17 06:28:57'),(152,33.3,61,'2024-11-17 06:29:02','2024-11-17 06:29:02'),(153,33.3,61,'2024-11-17 06:29:07','2024-11-17 06:29:07'),(154,33.3,61,'2024-11-17 06:29:13','2024-11-17 06:29:13'),(155,33.3,62,'2024-11-17 06:29:18','2024-11-17 06:29:18'),(156,33.3,62,'2024-11-17 06:29:24','2024-11-17 06:29:24'),(157,33.3,62,'2024-11-17 06:29:29','2024-11-17 06:29:29'),(158,33.3,62,'2024-11-17 06:29:34','2024-11-17 06:29:34'),(159,33.3,62,'2024-11-17 06:29:40','2024-11-17 06:29:40'),(160,33.3,62,'2024-11-17 06:29:45','2024-11-17 06:29:45'),(161,33.3,61,'2024-11-17 06:29:50','2024-11-17 06:29:50'),(162,33.3,61,'2024-11-17 06:29:56','2024-11-17 06:29:56'),(163,33.3,62,'2024-11-17 06:30:01','2024-11-17 06:30:01'),(164,33.3,62,'2024-11-17 06:30:06','2024-11-17 06:30:06'),(165,33.3,62,'2024-11-17 06:30:12','2024-11-17 06:30:12'),(166,33.3,62,'2024-11-17 06:30:17','2024-11-17 06:30:17'),(167,33.3,62,'2024-11-17 06:30:22','2024-11-17 06:30:22'),(168,33.3,62,'2024-11-17 06:30:28','2024-11-17 06:30:28'),(169,33.3,62,'2024-11-17 06:30:33','2024-11-17 06:30:33'),(170,33.3,62,'2024-11-17 06:30:38','2024-11-17 06:30:38'),(171,33.3,62,'2024-11-17 06:30:43','2024-11-17 06:30:43'),(172,33.3,62,'2024-11-17 06:30:49','2024-11-17 06:30:49'),(173,33.3,62,'2024-11-17 06:30:54','2024-11-17 06:30:54'),(174,33.3,62,'2024-11-17 06:30:59','2024-11-17 06:30:59'),(175,33.3,62,'2024-11-17 06:31:04','2024-11-17 06:31:04'),(176,33.3,62,'2024-11-17 06:31:10','2024-11-17 06:31:10'),(177,33.3,62,'2024-11-17 06:31:15','2024-11-17 06:31:15'),(178,33.3,62,'2024-11-17 06:31:20','2024-11-17 06:31:20'),(179,33.3,62,'2024-11-17 06:31:26','2024-11-17 06:31:26'),(180,33.3,62,'2024-11-17 06:31:31','2024-11-17 06:31:31'),(181,33.3,62,'2024-11-17 06:31:36','2024-11-17 06:31:36'),(182,33.3,62,'2024-11-17 06:31:42','2024-11-17 06:31:42'),(183,33.3,62,'2024-11-17 06:31:47','2024-11-17 06:31:47'),(184,33.3,62,'2024-11-17 06:31:52','2024-11-17 06:31:52'),(185,33.3,62,'2024-11-17 06:31:57','2024-11-17 06:31:57'),(186,33.3,62,'2024-11-17 06:32:03','2024-11-17 06:32:03'),(187,33.3,62,'2024-11-17 06:32:08','2024-11-17 06:32:08'),(188,33.3,62,'2024-11-17 06:32:13','2024-11-17 06:32:13'),(189,33.3,62,'2024-11-17 06:32:19','2024-11-17 06:32:19'),(190,33.3,62,'2024-11-17 06:32:24','2024-11-17 06:32:24'),(191,33.3,62,'2024-11-17 06:32:29','2024-11-17 06:32:29'),(192,33.3,62,'2024-11-17 06:32:35','2024-11-17 06:32:35'),(193,33.3,62,'2024-11-17 06:32:40','2024-11-17 06:32:40'),(194,33.3,62,'2024-11-17 06:32:45','2024-11-17 06:32:45'),(195,33.3,62,'2024-11-17 06:32:50','2024-11-17 06:32:50'),(196,33.3,62,'2024-11-17 06:32:56','2024-11-17 06:32:56'),(197,33.3,63,'2024-11-17 06:33:01','2024-11-17 06:33:01'),(198,33.3,63,'2024-11-17 06:33:06','2024-11-17 06:33:06'),(199,33.3,63,'2024-11-17 06:33:11','2024-11-17 06:33:11'),(200,33.3,63,'2024-11-17 06:33:17','2024-11-17 06:33:17'),(201,33.3,63,'2024-11-17 06:33:22','2024-11-17 06:33:22'),(202,33.3,63,'2024-11-17 06:33:27','2024-11-17 06:33:27'),(203,33.3,63,'2024-11-17 06:33:33','2024-11-17 06:33:33'),(204,33.3,63,'2024-11-17 06:33:38','2024-11-17 06:33:38'),(205,33.3,63,'2024-11-17 06:33:43','2024-11-17 06:33:43'),(206,33.3,63,'2024-11-17 06:33:48','2024-11-17 06:33:48'),(207,33.3,63,'2024-11-17 06:33:54','2024-11-17 06:33:54'),(208,33.3,63,'2024-11-17 06:33:59','2024-11-17 06:33:59'),(209,33.3,63,'2024-11-17 06:34:04','2024-11-17 06:34:04'),(210,33.3,63,'2024-11-17 06:34:10','2024-11-17 06:34:10'),(211,33.3,63,'2024-11-17 06:34:15','2024-11-17 06:34:15'),(212,33.3,63,'2024-11-17 06:34:21','2024-11-17 06:34:21'),(213,33.3,63,'2024-11-17 06:34:26','2024-11-17 06:34:26'),(214,33.3,63,'2024-11-17 06:34:31','2024-11-17 06:34:31'),(215,33.3,63,'2024-11-17 06:34:37','2024-11-17 06:34:37'),(216,33.3,63,'2024-11-17 06:34:42','2024-11-17 06:34:42'),(217,33.3,63,'2024-11-17 06:34:47','2024-11-17 06:34:47'),(218,33.3,63,'2024-11-17 06:34:52','2024-11-17 06:34:52'),(219,33.3,63,'2024-11-17 06:34:58','2024-11-17 06:34:58'),(220,33.3,63,'2024-11-17 06:35:03','2024-11-17 06:35:03'),(221,33.3,63,'2024-11-17 06:35:08','2024-11-17 06:35:08'),(222,33.3,63,'2024-11-17 06:35:13','2024-11-17 06:35:13'),(223,33.3,63,'2024-11-17 06:35:19','2024-11-17 06:35:19'),(224,33.3,63,'2024-11-17 06:35:24','2024-11-17 06:35:24'),(225,33.3,63,'2024-11-17 06:35:29','2024-11-17 06:35:29'),(226,33.3,63,'2024-11-17 06:35:35','2024-11-17 06:35:35'),(227,33.3,63,'2024-11-17 06:35:40','2024-11-17 06:35:40'),(228,33.3,63,'2024-11-17 06:35:45','2024-11-17 06:35:45'),(229,33.3,63,'2024-11-17 06:35:50','2024-11-17 06:35:50'),(230,33.3,63,'2024-11-17 06:35:56','2024-11-17 06:35:56'),(231,33.3,63,'2024-11-17 06:36:01','2024-11-17 06:36:01'),(232,33.3,63,'2024-11-17 06:36:06','2024-11-17 06:36:06'),(233,33.3,63,'2024-11-17 06:36:12','2024-11-17 06:36:12'),(234,33.3,63,'2024-11-17 06:36:17','2024-11-17 06:36:17'),(235,33.3,63,'2024-11-17 06:36:22','2024-11-17 06:36:22'),(236,33.3,63,'2024-11-17 06:36:27','2024-11-17 06:36:27'),(237,33.3,63,'2024-11-17 06:36:33','2024-11-17 06:36:33'),(238,33.3,63,'2024-11-17 06:36:38','2024-11-17 06:36:38'),(239,33.3,63,'2024-11-17 06:36:43','2024-11-17 06:36:43'),(240,33.3,63,'2024-11-17 06:36:48','2024-11-17 06:36:48'),(241,33.3,64,'2024-11-17 06:36:54','2024-11-17 06:36:54'),(242,33.3,64,'2024-11-17 06:36:59','2024-11-17 06:36:59'),(243,33.3,64,'2024-11-17 06:37:04','2024-11-17 06:37:04'),(244,33.3,65,'2024-11-17 06:37:10','2024-11-17 06:37:10'),(245,33.3,64,'2024-11-17 06:37:15','2024-11-17 06:37:15'),(246,33.3,64,'2024-11-17 06:37:20','2024-11-17 06:37:20'),(247,33.3,64,'2024-11-17 06:37:26','2024-11-17 06:37:26'),(248,33.3,64,'2024-11-17 06:37:31','2024-11-17 06:37:31'),(249,33.3,64,'2024-11-17 06:37:36','2024-11-17 06:37:36'),(250,33.3,64,'2024-11-17 06:37:41','2024-11-17 06:37:41'),(251,33.3,64,'2024-11-17 06:37:47','2024-11-17 06:37:47'),(252,33.3,64,'2024-11-17 06:37:52','2024-11-17 06:37:52'),(253,33.3,64,'2024-11-17 06:37:57','2024-11-17 06:37:57'),(254,33.3,64,'2024-11-17 06:38:02','2024-11-17 06:38:02'),(255,33.3,65,'2024-11-17 06:38:07','2024-11-17 06:38:07'),(256,33.3,65,'2024-11-17 06:38:13','2024-11-17 06:38:13'),(257,33.3,65,'2024-11-17 06:38:18','2024-11-17 06:38:18'),(258,33.3,65,'2024-11-17 06:38:23','2024-11-17 06:38:23'),(259,33.3,65,'2024-11-17 06:38:29','2024-11-17 06:38:29'),(260,33.3,65,'2024-11-17 06:38:34','2024-11-17 06:38:34'),(261,33.3,64,'2024-11-17 06:38:39','2024-11-17 06:38:39'),(262,33.3,64,'2024-11-17 06:38:44','2024-11-17 06:38:44'),(263,33.3,64,'2024-11-17 06:38:50','2024-11-17 06:38:50'),(264,33.3,64,'2024-11-17 06:38:55','2024-11-17 06:38:55'),(265,33.3,64,'2024-11-17 06:39:03','2024-11-17 06:39:03'),(266,33.3,64,'2024-11-17 06:39:08','2024-11-17 06:39:08'),(267,33.3,64,'2024-11-17 06:39:14','2024-11-17 06:39:14'),(268,33.3,64,'2024-11-17 06:39:19','2024-11-17 06:39:19'),(269,33.3,64,'2024-11-17 06:39:24','2024-11-17 06:39:24'),(270,33.3,64,'2024-11-17 06:39:29','2024-11-17 06:39:29'),(271,33.3,64,'2024-11-17 06:39:35','2024-11-17 06:39:35'),(272,33.3,64,'2024-11-17 06:39:40','2024-11-17 06:39:40'),(273,33.3,64,'2024-11-17 06:39:45','2024-11-17 06:39:45'),(274,33.3,64,'2024-11-17 06:39:50','2024-11-17 06:39:50'),(275,33.3,64,'2024-11-17 06:39:56','2024-11-17 06:39:56'),(276,33.3,64,'2024-11-17 06:40:01','2024-11-17 06:40:01'),(277,33.3,64,'2024-11-17 06:40:06','2024-11-17 06:40:06'),(278,33.3,64,'2024-11-17 06:40:11','2024-11-17 06:40:11'),(279,33.3,64,'2024-11-17 06:40:17','2024-11-17 06:40:17'),(280,33.3,64,'2024-11-17 06:40:22','2024-11-17 06:40:22'),(281,33.3,64,'2024-11-17 06:40:27','2024-11-17 06:40:27'),(282,33.3,65,'2024-11-17 06:40:32','2024-11-17 06:40:32'),(283,33.3,65,'2024-11-17 06:40:38','2024-11-17 06:40:38'),(284,33.3,65,'2024-11-17 06:40:43','2024-11-17 06:40:43'),(285,33.3,65,'2024-11-17 06:40:48','2024-11-17 06:40:48'),(286,33.3,65,'2024-11-17 06:40:53','2024-11-17 06:40:53'),(287,33.3,65,'2024-11-17 06:40:59','2024-11-17 06:40:59'),(288,33.3,65,'2024-11-17 06:41:04','2024-11-17 06:41:04'),(289,33.3,65,'2024-11-17 06:41:09','2024-11-17 06:41:09'),(290,33.3,65,'2024-11-17 06:41:15','2024-11-17 06:41:15'),(291,33.3,65,'2024-11-17 06:41:20','2024-11-17 06:41:20'),(292,33.3,65,'2024-11-17 06:41:25','2024-11-17 06:41:25'),(293,33.3,65,'2024-11-17 06:41:30','2024-11-17 06:41:30'),(294,33.3,65,'2024-11-17 06:41:36','2024-11-17 06:41:36'),(295,33.3,65,'2024-11-17 06:41:41','2024-11-17 06:41:41'),(296,33.3,65,'2024-11-17 06:41:46','2024-11-17 06:41:46'),(297,33.3,65,'2024-11-17 06:41:52','2024-11-17 06:41:52'),(298,33.3,65,'2024-11-17 06:41:57','2024-11-17 06:41:57'),(299,33.3,65,'2024-11-17 06:42:02','2024-11-17 06:42:02'),(300,33.3,65,'2024-11-17 06:42:07','2024-11-17 06:42:07'),(301,33.3,65,'2024-11-17 06:42:12','2024-11-17 06:42:12'),(302,33.3,65,'2024-11-17 06:42:18','2024-11-17 06:42:18'),(303,33.3,65,'2024-11-17 06:42:23','2024-11-17 06:42:23'),(304,33.3,65,'2024-11-17 06:42:28','2024-11-17 06:42:28'),(305,33.3,65,'2024-11-17 06:42:34','2024-11-17 06:42:34'),(306,33.3,65,'2024-11-17 06:42:39','2024-11-17 06:42:39'),(307,33.3,65,'2024-11-17 06:42:44','2024-11-17 06:42:44'),(308,33.3,65,'2024-11-17 06:42:49','2024-11-17 06:42:49'),(309,33.3,65,'2024-11-17 06:42:55','2024-11-17 06:42:55'),(310,33.3,65,'2024-11-17 06:43:00','2024-11-17 06:43:00'),(311,33.3,65,'2024-11-17 06:43:05','2024-11-17 06:43:05'),(312,33.3,65,'2024-11-17 06:43:11','2024-11-17 06:43:11'),(313,33.3,65,'2024-11-17 06:43:16','2024-11-17 06:43:16'),(314,33.3,65,'2024-11-17 06:43:21','2024-11-17 06:43:21'),(315,33.3,65,'2024-11-17 06:43:27','2024-11-17 06:43:27'),(316,33.3,65,'2024-11-17 06:43:32','2024-11-17 06:43:32'),(317,33.3,65,'2024-11-17 06:43:37','2024-11-17 06:43:37'),(318,33.3,65,'2024-11-17 06:43:42','2024-11-17 06:43:42'),(319,33.3,65,'2024-11-17 06:43:47','2024-11-17 06:43:47'),(320,33.3,65,'2024-11-17 06:43:53','2024-11-17 06:43:53'),(321,33.3,65,'2024-11-17 06:43:58','2024-11-17 06:43:58'),(322,33.3,65,'2024-11-17 06:44:03','2024-11-17 06:44:03'),(323,33.3,65,'2024-11-17 06:44:08','2024-11-17 06:44:08'),(324,33.3,65,'2024-11-17 06:44:14','2024-11-17 06:44:14'),(325,33.3,65,'2024-11-17 06:44:19','2024-11-17 06:44:19'),(326,33.3,65,'2024-11-17 06:44:24','2024-11-17 06:44:24'),(327,33.3,65,'2024-11-17 06:44:29','2024-11-17 06:44:29'),(328,33.3,65,'2024-11-17 06:44:35','2024-11-17 06:44:35'),(329,33.3,65,'2024-11-17 06:44:40','2024-11-17 06:44:40'),(330,33.3,65,'2024-11-17 06:44:45','2024-11-17 06:44:45'),(331,33.3,65,'2024-11-17 06:44:50','2024-11-17 06:44:50'),(332,33.3,65,'2024-11-17 06:44:56','2024-11-17 06:44:56'),(333,33.3,65,'2024-11-17 06:45:01','2024-11-17 06:45:01'),(334,33.3,65,'2024-11-17 06:45:07','2024-11-17 06:45:07'),(335,33.3,65,'2024-11-17 06:45:12','2024-11-17 06:45:12'),(336,33.3,65,'2024-11-17 06:45:17','2024-11-17 06:45:17'),(337,33.3,65,'2024-11-17 06:45:22','2024-11-17 06:45:22'),(338,33.3,65,'2024-11-17 06:45:28','2024-11-17 06:45:28'),(339,33.3,65,'2024-11-17 06:45:33','2024-11-17 06:45:33'),(340,33.3,65,'2024-11-17 06:45:38','2024-11-17 06:45:38'),(341,33.3,65,'2024-11-17 06:45:44','2024-11-17 06:45:44'),(342,33.3,65,'2024-11-17 06:45:49','2024-11-17 06:45:49'),(343,33.3,65,'2024-11-17 06:45:54','2024-11-17 06:45:54'),(344,33.3,65,'2024-11-17 06:45:59','2024-11-17 06:45:59'),(345,33.3,65,'2024-11-17 06:46:05','2024-11-17 06:46:05'),(346,33.3,65,'2024-11-17 06:46:10','2024-11-17 06:46:10'),(347,33.3,65,'2024-11-17 06:46:15','2024-11-17 06:46:15'),(348,33.3,65,'2024-11-17 06:46:21','2024-11-17 06:46:21'),(349,33.3,65,'2024-11-17 06:46:26','2024-11-17 06:46:26'),(350,33.3,65,'2024-11-17 06:46:31','2024-11-17 06:46:31'),(351,33.3,65,'2024-11-17 06:46:36','2024-11-17 06:46:36'),(352,33.3,66,'2024-11-17 06:46:42','2024-11-17 06:46:42'),(353,33.3,66,'2024-11-17 06:46:47','2024-11-17 06:46:47'),(354,33.3,66,'2024-11-17 06:46:52','2024-11-17 06:46:52'),(355,33.3,66,'2024-11-17 06:46:58','2024-11-17 06:46:58'),(356,33.3,66,'2024-11-17 06:47:03','2024-11-17 06:47:03'),(357,33.3,66,'2024-11-17 06:47:08','2024-11-17 06:47:08'),(358,33.3,66,'2024-11-17 06:47:14','2024-11-17 06:47:14'),(359,33.3,66,'2024-11-17 06:47:19','2024-11-17 06:47:19'),(360,33.3,66,'2024-11-17 06:47:24','2024-11-17 06:47:24'),(361,33.3,66,'2024-11-17 06:47:29','2024-11-17 06:47:29'),(362,33.3,66,'2024-11-17 06:47:35','2024-11-17 06:47:35'),(363,33.3,66,'2024-11-17 06:47:40','2024-11-17 06:47:40'),(364,33.3,66,'2024-11-17 06:47:45','2024-11-17 06:47:45'),(365,33.3,66,'2024-11-17 06:47:51','2024-11-17 06:47:51'),(366,33.3,66,'2024-11-17 06:47:56','2024-11-17 06:47:56'),(367,33.3,66,'2024-11-17 06:48:01','2024-11-17 06:48:01'),(368,33.3,66,'2024-11-17 06:48:07','2024-11-17 06:48:07'),(369,33.3,66,'2024-11-17 06:48:12','2024-11-17 06:48:12'),(370,33.3,66,'2024-11-17 06:48:17','2024-11-17 06:48:17'),(371,33.3,66,'2024-11-17 06:48:22','2024-11-17 06:48:22'),(372,33.3,66,'2024-11-17 06:48:28','2024-11-17 06:48:28'),(373,33.3,66,'2024-11-17 06:48:33','2024-11-17 06:48:33'),(374,33.3,66,'2024-11-17 06:48:38','2024-11-17 06:48:38'),(375,33.3,66,'2024-11-17 06:48:43','2024-11-17 06:48:43'),(376,33.3,66,'2024-11-17 06:48:51','2024-11-17 06:48:51'),(377,33.3,66,'2024-11-17 06:48:57','2024-11-17 06:48:57'),(378,33.3,66,'2024-11-17 06:49:02','2024-11-17 06:49:02'),(379,33.3,66,'2024-11-17 06:49:08','2024-11-17 06:49:08'),(380,33.3,66,'2024-11-17 06:49:14','2024-11-17 06:49:14'),(381,33.3,66,'2024-11-17 06:49:19','2024-11-17 06:49:19'),(382,33.3,66,'2024-11-17 06:49:24','2024-11-17 06:49:24'),(383,33.3,66,'2024-11-17 06:49:29','2024-11-17 06:49:29'),(384,33.3,66,'2024-11-17 06:49:35','2024-11-17 06:49:35'),(385,33.3,66,'2024-11-17 06:49:40','2024-11-17 06:49:40'),(386,33.3,66,'2024-11-17 06:49:45','2024-11-17 06:49:45'),(387,33.3,66,'2024-11-17 06:49:51','2024-11-17 06:49:51'),(388,33.3,66,'2024-11-17 06:49:56','2024-11-17 06:49:56'),(389,33.3,66,'2024-11-17 06:50:01','2024-11-17 06:50:01'),(390,33.3,66,'2024-11-17 06:50:07','2024-11-17 06:50:07'),(391,33.3,66,'2024-11-17 06:50:12','2024-11-17 06:50:12'),(392,33.3,66,'2024-11-17 06:50:17','2024-11-17 06:50:17'),(393,33.3,66,'2024-11-17 06:50:22','2024-11-17 06:50:22'),(394,33.3,66,'2024-11-17 06:50:28','2024-11-17 06:50:28'),(395,33.3,66,'2024-11-17 06:50:33','2024-11-17 06:50:33'),(396,33.3,66,'2024-11-17 06:50:39','2024-11-17 06:50:39'),(397,33.3,66,'2024-11-17 06:50:44','2024-11-17 06:50:44'),(398,33.3,66,'2024-11-17 06:50:49','2024-11-17 06:50:49'),(399,33.3,66,'2024-11-17 06:50:54','2024-11-17 06:50:54'),(400,33.3,66,'2024-11-17 06:51:00','2024-11-17 06:51:00'),(401,33.3,66,'2024-11-17 06:51:05','2024-11-17 06:51:05'),(402,33.3,66,'2024-11-17 06:51:10','2024-11-17 06:51:10'),(403,33.3,66,'2024-11-17 06:51:16','2024-11-17 06:51:16'),(404,33.3,66,'2024-11-17 06:51:21','2024-11-17 06:51:21'),(405,33.3,66,'2024-11-17 06:51:26','2024-11-17 06:51:26'),(406,33.3,66,'2024-11-17 06:51:32','2024-11-17 06:51:32'),(407,33.3,66,'2024-11-17 06:51:37','2024-11-17 06:51:37'),(408,33.3,66,'2024-11-17 06:51:45','2024-11-17 06:51:45'),(409,33.3,66,'2024-11-17 06:51:50','2024-11-17 06:51:50'),(410,33.3,66,'2024-11-17 06:51:55','2024-11-17 06:51:55'),(411,33.3,66,'2024-11-17 06:52:01','2024-11-17 06:52:01'),(412,33.3,66,'2024-11-17 06:52:06','2024-11-17 06:52:06'),(413,33.3,66,'2024-11-17 06:52:11','2024-11-17 06:52:11'),(414,33.3,66,'2024-11-17 06:52:16','2024-11-17 06:52:16'),(415,33.8,68,'2024-11-17 06:52:35','2024-11-17 06:52:35'),(416,33.8,67,'2024-11-17 06:52:40','2024-11-17 06:52:40'),(417,33.8,67,'2024-11-17 06:52:46','2024-11-17 06:52:46'),(418,33.6,67,'2024-11-17 06:52:51','2024-11-17 06:52:51'),(419,33.4,67,'2024-11-17 06:52:56','2024-11-17 06:52:56'),(420,33.4,67,'2024-11-17 06:53:02','2024-11-17 06:53:02'),(421,33.3,67,'2024-11-17 06:53:07','2024-11-17 06:53:07'),(422,33.3,67,'2024-11-17 06:53:12','2024-11-17 06:53:12'),(423,33.3,67,'2024-11-17 06:53:18','2024-11-17 06:53:18'),(424,33.3,67,'2024-11-17 06:53:23','2024-11-17 06:53:23'),(425,33.3,67,'2024-11-17 06:53:28','2024-11-17 06:53:28'),(426,33.3,67,'2024-11-17 06:53:36','2024-11-17 06:53:36'),(427,33.3,66,'2024-11-17 06:53:42','2024-11-17 06:53:42'),(428,33.3,66,'2024-11-17 06:53:48','2024-11-17 06:53:48'),(429,33.3,66,'2024-11-17 06:53:59','2024-11-17 06:53:59'),(430,33.3,66,'2024-11-17 06:54:12','2024-11-17 06:54:12'),(431,33.3,66,'2024-11-17 06:54:14','2024-11-17 06:54:14'),(432,33.3,66,'2024-11-17 06:54:20','2024-11-17 06:54:20'),(433,33.3,66,'2024-11-17 06:54:25','2024-11-17 06:54:25'),(434,33.3,66,'2024-11-17 06:54:30','2024-11-17 06:54:30'),(435,33.3,66,'2024-11-17 06:54:36','2024-11-17 06:54:36'),(436,33.3,66,'2024-11-17 06:54:41','2024-11-17 06:54:41'),(437,33.3,66,'2024-11-17 06:54:47','2024-11-17 06:54:47'),(438,33.3,66,'2024-11-17 06:54:52','2024-11-17 06:54:52'),(439,33.4,66,'2024-11-17 06:54:58','2024-11-17 06:54:58'),(440,33.5,66,'2024-11-17 06:55:04','2024-11-17 06:55:04'),(441,33.6,66,'2024-11-17 06:55:09','2024-11-17 06:55:09'),(442,33.6,66,'2024-11-17 06:55:46','2024-11-17 06:55:46'),(443,33.4,66,'2024-11-17 06:55:52','2024-11-17 06:55:52'),(444,33.6,66,'2024-11-17 06:55:57','2024-11-17 06:55:57'),(445,33.7,66,'2024-11-17 06:55:57','2024-11-17 06:55:57'),(446,33.7,66,'2024-11-17 06:56:01','2024-11-17 06:56:01'),(447,33.7,66,'2024-11-17 06:56:03','2024-11-17 06:56:03'),(448,33.8,66,'2024-11-17 06:56:08','2024-11-17 06:56:08'),(449,33.8,66,'2024-11-17 06:56:14','2024-11-17 06:56:14'),(450,33.8,66,'2024-11-17 06:56:19','2024-11-17 06:56:19'),(451,33.8,66,'2024-11-17 06:56:24','2024-11-17 06:56:24'),(452,33.8,66,'2024-11-17 06:56:30','2024-11-17 06:56:30'),(453,33.8,66,'2024-11-17 06:56:35','2024-11-17 06:56:35'),(454,33.8,66,'2024-11-17 06:56:41','2024-11-17 06:56:41'),(455,33.8,67,'2024-11-17 06:56:49','2024-11-17 06:56:49'),(456,33.8,67,'2024-11-17 06:56:54','2024-11-17 06:56:54'),(457,33.8,67,'2024-11-17 06:57:00','2024-11-17 06:57:00'),(458,33.8,66,'2024-11-17 06:57:05','2024-11-17 06:57:05'),(459,33.8,66,'2024-11-17 06:57:10','2024-11-17 06:57:10'),(460,33.8,67,'2024-11-17 06:57:16','2024-11-17 06:57:16'),(461,33.8,67,'2024-11-17 06:57:21','2024-11-17 06:57:21'),(462,33.8,67,'2024-11-17 06:57:27','2024-11-17 06:57:27'),(463,33.8,67,'2024-11-17 06:57:32','2024-11-17 06:57:32'),(464,33.8,67,'2024-11-17 06:57:38','2024-11-17 06:57:38'),(465,33.8,67,'2024-11-17 06:57:43','2024-11-17 06:57:43'),(466,33.8,67,'2024-11-17 06:57:48','2024-11-17 06:57:48'),(467,33.8,67,'2024-11-17 06:57:54','2024-11-17 06:57:54'),(468,33.8,67,'2024-11-17 06:57:59','2024-11-17 06:57:59'),(469,33.8,67,'2024-11-17 06:58:05','2024-11-17 06:58:05'),(470,33.8,67,'2024-11-17 06:58:10','2024-11-17 06:58:10'),(471,33.8,66,'2024-11-17 06:58:16','2024-11-17 06:58:16'),(472,33.8,66,'2024-11-17 06:58:21','2024-11-17 06:58:21'),(473,33.8,66,'2024-11-17 06:58:27','2024-11-17 06:58:27'),(474,33.8,66,'2024-11-17 06:58:32','2024-11-17 06:58:32'),(475,33.8,66,'2024-11-17 06:58:38','2024-11-17 06:58:38'),(476,33.8,66,'2024-11-17 06:58:43','2024-11-17 06:58:43'),(477,33.7,66,'2024-11-17 06:58:48','2024-11-17 06:58:48'),(478,33.6,66,'2024-11-17 06:58:54','2024-11-17 06:58:54'),(479,33.5,66,'2024-11-17 06:58:59','2024-11-17 06:58:59'),(480,33.3,66,'2024-11-17 06:59:14','2024-11-17 06:59:14'),(481,33.4,66,'2024-11-17 06:59:16','2024-11-17 06:59:16'),(482,33.3,67,'2024-11-17 06:59:21','2024-11-17 06:59:21'),(483,33.3,67,'2024-11-17 06:59:27','2024-11-17 06:59:27'),(484,33.3,67,'2024-11-17 06:59:32','2024-11-17 06:59:32'),(485,33.3,66,'2024-11-17 06:59:37','2024-11-17 06:59:37'),(486,33.3,66,'2024-11-17 06:59:43','2024-11-17 06:59:43'),(487,33.3,66,'2024-11-17 06:59:48','2024-11-17 06:59:48'),(488,33.3,66,'2024-11-17 06:59:54','2024-11-17 06:59:54'),(489,33.3,66,'2024-11-17 06:59:59','2024-11-17 06:59:59'),(490,33.4,66,'2024-11-17 07:00:05','2024-11-17 07:00:05'),(491,33.3,66,'2024-11-17 07:00:10','2024-11-17 07:00:10'),(492,33.3,67,'2024-11-17 07:00:15','2024-11-17 07:00:15'),(493,33.3,67,'2024-11-17 07:00:21','2024-11-17 07:00:21'),(494,33.3,67,'2024-11-17 07:00:26','2024-11-17 07:00:26'),(495,33.3,67,'2024-11-17 07:00:32','2024-11-17 07:00:32'),(496,33.3,67,'2024-11-17 07:00:37','2024-11-17 07:00:37'),(497,33.3,67,'2024-11-17 07:00:42','2024-11-17 07:00:42'),(498,33.3,67,'2024-11-17 07:00:48','2024-11-17 07:00:48'),(499,33.3,67,'2024-11-17 07:00:53','2024-11-17 07:00:53'),(500,33.3,67,'2024-11-17 07:00:58','2024-11-17 07:00:58'),(501,33.3,67,'2024-11-17 07:01:04','2024-11-17 07:01:04'),(502,33.3,67,'2024-11-17 07:01:09','2024-11-17 07:01:09'),(503,33.3,67,'2024-11-17 07:01:15','2024-11-17 07:01:15'),(504,33.3,67,'2024-11-17 07:01:20','2024-11-17 07:01:20'),(505,33.3,67,'2024-11-17 07:01:26','2024-11-17 07:01:26'),(506,33.3,67,'2024-11-17 07:01:31','2024-11-17 07:01:31'),(507,33.3,67,'2024-11-17 07:01:37','2024-11-17 07:01:37'),(508,33.3,67,'2024-11-17 07:01:43','2024-11-17 07:01:43'),(509,33.3,67,'2024-11-17 07:01:48','2024-11-17 07:01:48'),(510,33.3,67,'2024-11-17 07:01:53','2024-11-17 07:01:53'),(511,33.3,67,'2024-11-17 07:01:59','2024-11-17 07:01:59'),(512,33.3,67,'2024-11-17 07:02:04','2024-11-17 07:02:04'),(513,33.3,67,'2024-11-17 07:02:09','2024-11-17 07:02:09'),(514,33.3,67,'2024-11-17 07:02:15','2024-11-17 07:02:15'),(515,33.3,67,'2024-11-17 07:02:20','2024-11-17 07:02:20'),(516,33.3,67,'2024-11-17 07:02:26','2024-11-17 07:02:26'),(517,33.3,67,'2024-11-17 07:02:31','2024-11-17 07:02:31'),(518,33.3,67,'2024-11-17 07:02:36','2024-11-17 07:02:36'),(519,33.3,67,'2024-11-17 07:02:41','2024-11-17 07:02:41'),(520,33.3,67,'2024-11-17 07:02:47','2024-11-17 07:02:47'),(521,33.3,67,'2024-11-17 07:02:52','2024-11-17 07:02:52'),(522,33.3,67,'2024-11-17 07:02:58','2024-11-17 07:02:58'),(523,33.3,67,'2024-11-17 07:03:03','2024-11-17 07:03:03'),(524,33.3,67,'2024-11-17 07:03:09','2024-11-17 07:03:09'),(525,33.3,68,'2024-11-17 07:03:14','2024-11-17 07:03:14'),(526,33.3,68,'2024-11-17 07:03:20','2024-11-17 07:03:20'),(527,33.3,68,'2024-11-17 07:03:26','2024-11-17 07:03:26'),(528,33.3,68,'2024-11-17 07:03:31','2024-11-17 07:03:31'),(529,33.3,68,'2024-11-17 07:03:37','2024-11-17 07:03:37'),(530,33.3,68,'2024-11-17 07:03:42','2024-11-17 07:03:42'),(531,33.3,68,'2024-11-17 07:03:47','2024-11-17 07:03:47'),(532,33.3,68,'2024-11-17 07:03:53','2024-11-17 07:03:53'),(533,33.3,68,'2024-11-17 07:03:59','2024-11-17 07:03:59'),(534,33.3,68,'2024-11-17 07:04:04','2024-11-17 07:04:04'),(535,33.3,68,'2024-11-17 07:04:10','2024-11-17 07:04:10'),(536,33.3,68,'2024-11-17 07:04:16','2024-11-17 07:04:16'),(537,33.3,68,'2024-11-17 07:04:22','2024-11-17 07:04:22'),(538,33.3,68,'2024-11-17 07:04:28','2024-11-17 07:04:28'),(539,33.3,68,'2024-11-17 07:04:33','2024-11-17 07:04:33'),(540,33.3,68,'2024-11-17 07:04:38','2024-11-17 07:04:38'),(541,33.3,68,'2024-11-17 07:04:44','2024-11-17 07:04:44'),(542,33.3,68,'2024-11-17 07:04:50','2024-11-17 07:04:50'),(543,33.3,68,'2024-11-17 07:04:55','2024-11-17 07:04:55'),(544,33.3,68,'2024-11-17 07:05:01','2024-11-17 07:05:01'),(545,33.3,68,'2024-11-17 07:05:06','2024-11-17 07:05:06'),(546,33.3,68,'2024-11-17 07:05:12','2024-11-17 07:05:12'),(547,33.3,68,'2024-11-17 07:05:17','2024-11-17 07:05:17'),(548,33.3,68,'2024-11-17 07:05:23','2024-11-17 07:05:23'),(549,33.3,68,'2024-11-17 07:05:28','2024-11-17 07:05:28'),(550,33.3,68,'2024-11-17 07:05:34','2024-11-17 07:05:34'),(551,33.3,68,'2024-11-17 07:05:39','2024-11-17 07:05:39'),(552,33.3,68,'2024-11-17 07:05:45','2024-11-17 07:05:45'),(553,33.3,68,'2024-11-17 07:05:50','2024-11-17 07:05:50'),(554,33.3,68,'2024-11-17 07:05:56','2024-11-17 07:05:56'),(555,33.3,68,'2024-11-17 07:06:02','2024-11-17 07:06:02'),(556,33.3,68,'2024-11-17 07:06:07','2024-11-17 07:06:07'),(557,33.3,68,'2024-11-17 07:06:13','2024-11-17 07:06:13'),(558,33.3,68,'2024-11-17 07:06:18','2024-11-17 07:06:18'),(559,33.3,68,'2024-11-17 07:06:23','2024-11-17 07:06:23'),(560,33.3,68,'2024-11-17 07:06:29','2024-11-17 07:06:29'),(561,33.3,68,'2024-11-17 07:06:34','2024-11-17 07:06:34'),(562,33.3,68,'2024-11-17 07:06:40','2024-11-17 07:06:40'),(563,33.3,68,'2024-11-17 07:06:45','2024-11-17 07:06:45'),(564,33.3,69,'2024-11-17 07:06:51','2024-11-17 07:06:51'),(565,33.3,69,'2024-11-17 07:06:56','2024-11-17 07:06:56'),(566,33.3,69,'2024-11-17 07:07:02','2024-11-17 07:07:02'),(567,33.3,69,'2024-11-17 07:07:07','2024-11-17 07:07:07'),(568,33.3,69,'2024-11-17 07:07:13','2024-11-17 07:07:13'),(569,33.3,69,'2024-11-17 07:07:18','2024-11-17 07:07:18'),(570,33.3,69,'2024-11-17 07:07:24','2024-11-17 07:07:24'),(571,33.3,69,'2024-11-17 07:07:29','2024-11-17 07:07:29'),(572,33.3,69,'2024-11-17 07:07:35','2024-11-17 07:07:35'),(573,33.3,69,'2024-11-17 07:07:40','2024-11-17 07:07:40'),(574,33.3,69,'2024-11-17 07:07:46','2024-11-17 07:07:46'),(575,33.3,69,'2024-11-17 07:07:52','2024-11-17 07:07:52'),(576,33.3,69,'2024-11-17 07:07:57','2024-11-17 07:07:57'),(577,33.3,69,'2024-11-17 07:08:02','2024-11-17 07:08:02'),(578,33.3,69,'2024-11-17 07:08:08','2024-11-17 07:08:08'),(579,33.3,69,'2024-11-17 07:08:13','2024-11-17 07:08:13'),(580,33.3,69,'2024-11-17 07:08:19','2024-11-17 07:08:19'),(581,33.3,69,'2024-11-17 07:08:24','2024-11-17 07:08:24'),(582,33.3,69,'2024-11-17 07:08:30','2024-11-17 07:08:30'),(583,33.3,69,'2024-11-17 07:08:35','2024-11-17 07:08:35'),(584,33.3,69,'2024-11-17 07:08:41','2024-11-17 07:08:41'),(585,33.3,69,'2024-11-17 07:08:46','2024-11-17 07:08:46'),(586,33.3,69,'2024-11-17 07:08:52','2024-11-17 07:08:52'),(587,33.3,69,'2024-11-17 07:08:57','2024-11-17 07:08:57'),(588,33.3,69,'2024-11-17 07:09:03','2024-11-17 07:09:03'),(589,33.3,69,'2024-11-17 07:09:08','2024-11-17 07:09:08'),(590,33.3,69,'2024-11-17 07:09:14','2024-11-17 07:09:14'),(591,33.3,69,'2024-11-17 07:09:19','2024-11-17 07:09:19'),(592,33.3,69,'2024-11-17 07:09:25','2024-11-17 07:09:25'),(593,33.3,69,'2024-11-17 07:09:30','2024-11-17 07:09:30'),(594,33.3,69,'2024-11-17 07:09:36','2024-11-17 07:09:36'),(595,33.3,69,'2024-11-17 07:09:41','2024-11-17 07:09:41'),(596,33.3,69,'2024-11-17 07:09:47','2024-11-17 07:09:47'),(597,33.3,70,'2024-11-17 07:09:52','2024-11-17 07:09:52'),(598,33.3,70,'2024-11-17 07:09:58','2024-11-17 07:09:58'),(599,33.3,70,'2024-11-17 07:10:03','2024-11-17 07:10:03'),(600,33.3,70,'2024-11-17 07:10:09','2024-11-17 07:10:09'),(601,33.3,70,'2024-11-17 07:10:14','2024-11-17 07:10:14'),(602,33.3,70,'2024-11-17 07:10:20','2024-11-17 07:10:20'),(603,33.3,70,'2024-11-17 07:10:25','2024-11-17 07:10:25'),(604,33.3,70,'2024-11-17 07:10:31','2024-11-17 07:10:31'),(605,33.3,70,'2024-11-17 07:10:37','2024-11-17 07:10:37'),(606,33.3,70,'2024-11-17 07:10:42','2024-11-17 07:10:42'),(607,33.3,70,'2024-11-17 07:10:48','2024-11-17 07:10:48'),(608,33.3,69,'2024-11-17 07:10:56','2024-11-17 07:10:56'),(609,33.3,69,'2024-11-17 07:11:02','2024-11-17 07:11:02'),(610,33.3,70,'2024-11-17 07:11:07','2024-11-17 07:11:07'),(611,33.3,69,'2024-11-17 07:11:13','2024-11-17 07:11:13'),(612,33.3,69,'2024-11-17 07:11:18','2024-11-17 07:11:18'),(613,33.3,69,'2024-11-17 07:11:24','2024-11-17 07:11:24'),(614,33.3,69,'2024-11-17 07:11:31','2024-11-17 07:11:31'),(615,33.2,69,'2024-11-17 07:11:37','2024-11-17 07:11:37'),(616,32.9,70,'2024-11-17 07:11:42','2024-11-17 07:11:42'),(617,32.8,70,'2024-11-17 07:11:47','2024-11-17 07:11:47'),(618,32.8,70,'2024-11-17 07:11:53','2024-11-17 07:11:53'),(619,32.8,70,'2024-11-17 07:11:58','2024-11-17 07:11:58'),(620,32.8,69,'2024-11-17 07:12:04','2024-11-17 07:12:04'),(621,32.8,69,'2024-11-17 07:12:10','2024-11-17 07:12:10'),(622,32.8,69,'2024-11-17 07:12:16','2024-11-17 07:12:16'),(623,32.8,69,'2024-11-17 07:12:21','2024-11-17 07:12:21'),(624,32.8,69,'2024-11-17 07:12:26','2024-11-17 07:12:26'),(625,32.8,70,'2024-11-17 07:12:32','2024-11-17 07:12:32'),(626,32.8,70,'2024-11-17 07:12:38','2024-11-17 07:12:38'),(627,32.8,70,'2024-11-17 07:12:43','2024-11-17 07:12:43'),(628,32.8,70,'2024-11-17 07:12:49','2024-11-17 07:12:49'),(629,32.8,70,'2024-11-17 07:12:54','2024-11-17 07:12:54'),(630,32.8,70,'2024-11-17 07:13:00','2024-11-17 07:13:00'),(631,32.8,70,'2024-11-17 07:13:05','2024-11-17 07:13:05'),(632,32.8,70,'2024-11-17 07:13:11','2024-11-17 07:13:11'),(633,32.8,70,'2024-11-17 07:13:16','2024-11-17 07:13:16'),(634,32.8,70,'2024-11-17 07:13:22','2024-11-17 07:13:22');

/*Table structure for table `employees` */

DROP TABLE IF EXISTS `employees`;

CREATE TABLE `employees` (
  `employee_id` int NOT NULL AUTO_INCREMENT,
  `name` varchar(100) NOT NULL,
  `position` varchar(50) DEFAULT NULL,
  `hire_date` date DEFAULT NULL,
  `salary` decimal(10,2) DEFAULT NULL,
  PRIMARY KEY (`employee_id`)
) ENGINE=InnoDB AUTO_INCREMENT=6 DEFAULT CHARSET=utf8mb4 COLLATE=utf8mb4_0900_ai_ci;

/*Data for the table `employees` */

insert  into `employees`(`employee_id`,`name`,`position`,`hire_date`,`salary`) values (1,'Michael','Barista','2023-05-10',4000000.00),(2,'Sarah','Cashier','2023-06-15',3500000.00),(3,'David','Chef','2023-03-12',5000000.00),(4,'Linda','Waiter','2024-01-10',3000000.00),(5,'James','Manager','2022-09-01',6000000.00);

/*Table structure for table `failed_jobs` */

DROP TABLE IF EXISTS `failed_jobs`;

CREATE TABLE `failed_jobs` (
  `id` bigint unsigned NOT NULL AUTO_INCREMENT,
  `uuid` varchar(255) COLLATE utf8mb4_unicode_ci NOT NULL,
  `connection` text COLLATE utf8mb4_unicode_ci NOT NULL,
  `queue` text COLLATE utf8mb4_unicode_ci NOT NULL,
  `payload` longtext COLLATE utf8mb4_unicode_ci NOT NULL,
  `exception` longtext COLLATE utf8mb4_unicode_ci NOT NULL,
  `failed_at` timestamp NOT NULL DEFAULT CURRENT_TIMESTAMP,
  PRIMARY KEY (`id`),
  UNIQUE KEY `failed_jobs_uuid_unique` (`uuid`)
) ENGINE=InnoDB DEFAULT CHARSET=utf8mb4 COLLATE=utf8mb4_unicode_ci;

/*Data for the table `failed_jobs` */

/*Table structure for table `gallery` */

DROP TABLE IF EXISTS `gallery`;

CREATE TABLE `gallery` (
  `id` bigint unsigned NOT NULL AUTO_INCREMENT,
  `judul` varchar(55) CHARACTER SET utf8mb4 COLLATE utf8mb4_unicode_ci NOT NULL,
  `kategori` varchar(55) CHARACTER SET utf8mb4 COLLATE utf8mb4_unicode_ci NOT NULL,
  `gambar` varchar(200) CHARACTER SET utf8mb4 COLLATE utf8mb4_unicode_ci NOT NULL,
  `created_at` timestamp NULL DEFAULT NULL,
  `updated_at` timestamp NULL DEFAULT NULL,
  PRIMARY KEY (`id`)
) ENGINE=InnoDB DEFAULT CHARSET=utf8mb4 COLLATE=utf8mb4_unicode_ci;

/*Data for the table `gallery` */

/*Table structure for table `guru` */

DROP TABLE IF EXISTS `guru`;

CREATE TABLE `guru` (
  `id_guru` char(10) CHARACTER SET utf8mb4 COLLATE utf8mb4_unicode_ci NOT NULL,
  `nama_guru` varchar(100) CHARACTER SET utf8mb4 COLLATE utf8mb4_unicode_ci NOT NULL,
  `gender` enum('M','F') CHARACTER SET utf8mb4 COLLATE utf8mb4_unicode_ci NOT NULL,
  `alamat` varchar(100) CHARACTER SET utf8mb4 COLLATE utf8mb4_unicode_ci NOT NULL,
  `phone` char(20) CHARACTER SET utf8mb4 COLLATE utf8mb4_unicode_ci NOT NULL,
  `created_at` timestamp NULL DEFAULT NULL,
  `updated_at` timestamp NULL DEFAULT NULL,
  PRIMARY KEY (`id_guru`)
) ENGINE=InnoDB DEFAULT CHARSET=utf8mb4 COLLATE=utf8mb4_unicode_ci;

/*Data for the table `guru` */

insert  into `guru`(`id_guru`,`nama_guru`,`gender`,`alamat`,`phone`,`created_at`,`updated_at`) values ('101','Anton','M','Pekanbaru','-',NULL,NULL),('102','David','M','Medan','-',NULL,NULL);

/*Table structure for table `hari` */

DROP TABLE IF EXISTS `hari`;

CREATE TABLE `hari` (
  `HariID` int unsigned NOT NULL AUTO_INCREMENT,
  `NamaHari` varchar(255) CHARACTER SET utf8mb4 COLLATE utf8mb4_unicode_ci NOT NULL,
  `img` varchar(255) CHARACTER SET utf8mb4 COLLATE utf8mb4_unicode_ci NOT NULL DEFAULT 'default.jpg',
  PRIMARY KEY (`HariID`)
) ENGINE=InnoDB AUTO_INCREMENT=2 DEFAULT CHARSET=utf8mb4 COLLATE=utf8mb4_unicode_ci;

/*Data for the table `hari` */

insert  into `hari`(`HariID`,`NamaHari`,`img`) values (1,'Senin','default.jpg');

/*Table structure for table `inventory` */

DROP TABLE IF EXISTS `inventory`;

CREATE TABLE `inventory` (
  `item_id` int NOT NULL AUTO_INCREMENT,
  `item_name` varchar(100) NOT NULL,
  `quantity` int NOT NULL,
  `unit` varchar(20) DEFAULT NULL,
  `last_updated` date DEFAULT NULL,
  PRIMARY KEY (`item_id`)
) ENGINE=InnoDB AUTO_INCREMENT=6 DEFAULT CHARSET=utf8mb4 COLLATE=utf8mb4_0900_ai_ci;

/*Data for the table `inventory` */

insert  into `inventory`(`item_id`,`item_name`,`quantity`,`unit`,`last_updated`) values (1,'Coffee Beans',10,'kg','2024-10-09'),(2,'Milk',20,'liter','2024-10-09'),(3,'Cheese',5,'kg','2024-10-08'),(4,'Chicken Breast',15,'kg','2024-10-07'),(5,'Tea Leaves',8,'kg','2024-10-09');

/*Table structure for table `jadwal` */

DROP TABLE IF EXISTS `jadwal`;

CREATE TABLE `jadwal` (
  `id` bigint unsigned NOT NULL AUTO_INCREMENT,
  `id_guru` varchar(255) CHARACTER SET utf8mb4 COLLATE utf8mb4_unicode_ci NOT NULL,
  `jam_mulai` varchar(255) CHARACTER SET utf8mb4 COLLATE utf8mb4_unicode_ci NOT NULL,
  `hari` varchar(255) CHARACTER SET utf8mb4 COLLATE utf8mb4_unicode_ci NOT NULL,
  `id_pelajaran` varchar(255) CHARACTER SET utf8mb4 COLLATE utf8mb4_unicode_ci NOT NULL,
  `created_at` timestamp NULL DEFAULT NULL,
  `updated_at` timestamp NULL DEFAULT NULL,
  PRIMARY KEY (`id`)
) ENGINE=InnoDB AUTO_INCREMENT=2 DEFAULT CHARSET=utf8mb4 COLLATE=utf8mb4_unicode_ci;

/*Data for the table `jadwal` */

insert  into `jadwal`(`id`,`id_guru`,`jam_mulai`,`hari`,`id_pelajaran`,`created_at`,`updated_at`) values (1,'101','08:00','1','1',NULL,NULL);

/*Table structure for table `job_batches` */

DROP TABLE IF EXISTS `job_batches`;

CREATE TABLE `job_batches` (
  `id` varchar(255) COLLATE utf8mb4_unicode_ci NOT NULL,
  `name` varchar(255) COLLATE utf8mb4_unicode_ci NOT NULL,
  `total_jobs` int NOT NULL,
  `pending_jobs` int NOT NULL,
  `failed_jobs` int NOT NULL,
  `failed_job_ids` longtext COLLATE utf8mb4_unicode_ci NOT NULL,
  `options` mediumtext COLLATE utf8mb4_unicode_ci,
  `cancelled_at` int DEFAULT NULL,
  `created_at` int NOT NULL,
  `finished_at` int DEFAULT NULL,
  PRIMARY KEY (`id`)
) ENGINE=InnoDB DEFAULT CHARSET=utf8mb4 COLLATE=utf8mb4_unicode_ci;

/*Data for the table `job_batches` */

/*Table structure for table `jobs` */

DROP TABLE IF EXISTS `jobs`;

CREATE TABLE `jobs` (
  `id` bigint unsigned NOT NULL AUTO_INCREMENT,
  `queue` varchar(255) COLLATE utf8mb4_unicode_ci NOT NULL,
  `payload` longtext COLLATE utf8mb4_unicode_ci NOT NULL,
  `attempts` tinyint unsigned NOT NULL,
  `reserved_at` int unsigned DEFAULT NULL,
  `available_at` int unsigned NOT NULL,
  `created_at` int unsigned NOT NULL,
  PRIMARY KEY (`id`),
  KEY `jobs_queue_index` (`queue`)
) ENGINE=InnoDB DEFAULT CHARSET=utf8mb4 COLLATE=utf8mb4_unicode_ci;

/*Data for the table `jobs` */

/*Table structure for table `jurusan` */

DROP TABLE IF EXISTS `jurusan`;

CREATE TABLE `jurusan` (
  `id` bigint unsigned NOT NULL AUTO_INCREMENT,
  `No` varchar(15) CHARACTER SET utf8mb4 COLLATE utf8mb4_unicode_ci NOT NULL,
  `id_jurusan` varchar(35) CHARACTER SET utf8mb4 COLLATE utf8mb4_unicode_ci NOT NULL,
  `nama_jurusan` varchar(35) CHARACTER SET utf8mb4 COLLATE utf8mb4_unicode_ci NOT NULL,
  `pejabat` varchar(55) CHARACTER SET utf8mb4 COLLATE utf8mb4_unicode_ci NOT NULL,
  `created_at` timestamp NULL DEFAULT NULL,
  `updated_at` timestamp NULL DEFAULT NULL,
  PRIMARY KEY (`id`)
) ENGINE=InnoDB DEFAULT CHARSET=utf8mb4 COLLATE=utf8mb4_unicode_ci;

/*Data for the table `jurusan` */

/*Table structure for table `kurikulums` */

DROP TABLE IF EXISTS `kurikulums`;

CREATE TABLE `kurikulums` (
  `id` bigint unsigned NOT NULL AUTO_INCREMENT,
  `nama_kurikulum` varchar(255) CHARACTER SET utf8mb4 COLLATE utf8mb4_unicode_ci NOT NULL,
  `tahun` varchar(255) CHARACTER SET utf8mb4 COLLATE utf8mb4_unicode_ci NOT NULL,
  `created_at` timestamp NULL DEFAULT NULL,
  `updated_at` timestamp NULL DEFAULT NULL,
  PRIMARY KEY (`id`)
) ENGINE=InnoDB DEFAULT CHARSET=utf8mb4 COLLATE=utf8mb4_unicode_ci;

/*Data for the table `kurikulums` */

/*Table structure for table `max30100` */

DROP TABLE IF EXISTS `max30100`;

CREATE TABLE `max30100` (
  `id` bigint unsigned NOT NULL AUTO_INCREMENT,
  `BPM` double NOT NULL,
  `SpO2` double NOT NULL,
  `created_at` timestamp NULL DEFAULT NULL,
  `updated_at` timestamp NULL DEFAULT NULL,
  PRIMARY KEY (`id`)
) ENGINE=InnoDB DEFAULT CHARSET=utf8mb4 COLLATE=utf8mb4_unicode_ci;

/*Data for the table `max30100` */

/*Table structure for table `migrations` */

DROP TABLE IF EXISTS `migrations`;

CREATE TABLE `migrations` (
  `id` int unsigned NOT NULL AUTO_INCREMENT,
  `migration` varchar(255) COLLATE utf8mb4_unicode_ci NOT NULL,
  `batch` int NOT NULL,
  PRIMARY KEY (`id`)
) ENGINE=InnoDB AUTO_INCREMENT=8 DEFAULT CHARSET=utf8mb4 COLLATE=utf8mb4_unicode_ci;

/*Data for the table `migrations` */

insert  into `migrations`(`id`,`migration`,`batch`) values (1,'0001_01_01_000000_create_users_table',1),(2,'0001_01_01_000001_create_cache_table',1),(3,'0001_01_01_000002_create_jobs_table',1),(4,'2024_10_23_031424_create_dht11_table',1),(5,'2024_10_23_043115_create_personal_access_tokens_table',1),(6,'2024_10_30_035039_create_table_siswa',1),(7,'2024_11_12_083428_create_table_sensormax30100',1);

/*Table structure for table `nilai` */

DROP TABLE IF EXISTS `nilai`;

CREATE TABLE `nilai` (
  `id` bigint unsigned NOT NULL AUTO_INCREMENT,
  `id_siswa` varchar(255) CHARACTER SET utf8mb4 COLLATE utf8mb4_unicode_ci NOT NULL,
  `tahun_ak` varchar(255) CHARACTER SET utf8mb4 COLLATE utf8mb4_unicode_ci NOT NULL,
  `id_pelajaran` varchar(255) CHARACTER SET utf8mb4 COLLATE utf8mb4_unicode_ci NOT NULL,
  `id_guru` varchar(255) CHARACTER SET utf8mb4 COLLATE utf8mb4_unicode_ci NOT NULL,
  `nilai_angka` int NOT NULL,
  `created_at` timestamp NULL DEFAULT NULL,
  `updated_at` timestamp NULL DEFAULT NULL,
  PRIMARY KEY (`id`)
) ENGINE=InnoDB AUTO_INCREMENT=3 DEFAULT CHARSET=utf8mb4 COLLATE=utf8mb4_unicode_ci;

/*Data for the table `nilai` */

insert  into `nilai`(`id`,`id_siswa`,`tahun_ak`,`id_pelajaran`,`id_guru`,`nilai_angka`,`created_at`,`updated_at`) values (1,'24001','20241','1','101',90,'2025-01-01 15:08:22',NULL),(2,'24002','20241','2','102',75,'2024-10-01 15:08:33',NULL);

/*Table structure for table `order_items` */

DROP TABLE IF EXISTS `order_items`;

CREATE TABLE `order_items` (
  `order_item_id` int NOT NULL AUTO_INCREMENT,
  `order_id` int DEFAULT NULL,
  `menu_id` int DEFAULT NULL,
  `quantity` int NOT NULL,
  `price` decimal(10,2) NOT NULL,
  PRIMARY KEY (`order_item_id`),
  KEY `order_id` (`order_id`),
  KEY `menu_id` (`menu_id`),
  CONSTRAINT `order_items_ibfk_1` FOREIGN KEY (`order_id`) REFERENCES `orders` (`order_id`),
  CONSTRAINT `order_items_ibfk_2` FOREIGN KEY (`menu_id`) REFERENCES `menu` (`menu_id`)
) ENGINE=InnoDB AUTO_INCREMENT=6 DEFAULT CHARSET=utf8mb4 COLLATE=utf8mb4_0900_ai_ci;

/*Data for the table `order_items` */

insert  into `order_items`(`order_item_id`,`order_id`,`menu_id`,`quantity`,`price`) values (1,1,1,1,30000.00),(2,1,3,1,25000.00),(3,2,4,2,45000.00),(4,3,2,1,30000.00),(5,5,5,3,20000.00);

/*Table structure for table `orders` */

DROP TABLE IF EXISTS `orders`;

CREATE TABLE `orders` (
  `order_id` int NOT NULL AUTO_INCREMENT,
  `customer_id` int DEFAULT NULL,
  `order_date` datetime NOT NULL DEFAULT CURRENT_TIMESTAMP,
  `status` varchar(20) DEFAULT NULL,
  `total_amount` decimal(10,2) DEFAULT NULL,
  PRIMARY KEY (`order_id`),
  KEY `customer_id` (`customer_id`),
  CONSTRAINT `orders_ibfk_1` FOREIGN KEY (`customer_id`) REFERENCES `customers` (`customer_id`)
) ENGINE=InnoDB AUTO_INCREMENT=6 DEFAULT CHARSET=utf8mb4 COLLATE=utf8mb4_0900_ai_ci;

/*Data for the table `orders` */

insert  into `orders`(`order_id`,`customer_id`,`order_date`,`status`,`total_amount`) values (1,1,'2024-10-10 14:23:45','Completed',55000.00),(2,2,'2024-10-10 15:10:30','Completed',85000.00),(3,3,'2024-10-10 16:00:00','Pending',30000.00),(4,4,'2024-10-09 13:45:20','Canceled',45000.00),(5,5,'2024-10-09 18:20:10','Completed',60000.00);

/*Table structure for table `password_reset_tokens` */

DROP TABLE IF EXISTS `password_reset_tokens`;

CREATE TABLE `password_reset_tokens` (
  `email` varchar(255) COLLATE utf8mb4_unicode_ci NOT NULL,
  `token` varchar(255) COLLATE utf8mb4_unicode_ci NOT NULL,
  `created_at` timestamp NULL DEFAULT NULL,
  PRIMARY KEY (`email`)
) ENGINE=InnoDB DEFAULT CHARSET=utf8mb4 COLLATE=utf8mb4_unicode_ci;

/*Data for the table `password_reset_tokens` */

/*Table structure for table `pelajaran` */

DROP TABLE IF EXISTS `pelajaran`;

CREATE TABLE `pelajaran` (
  `id` bigint unsigned NOT NULL AUTO_INCREMENT,
  `nama_pelajaran` varchar(255) CHARACTER SET utf8mb4 COLLATE utf8mb4_unicode_ci NOT NULL,
  `created_at` timestamp NULL DEFAULT NULL,
  `updated_at` timestamp NULL DEFAULT NULL,
  PRIMARY KEY (`id`)
) ENGINE=InnoDB AUTO_INCREMENT=4 DEFAULT CHARSET=utf8mb4 COLLATE=utf8mb4_unicode_ci;

/*Data for the table `pelajaran` */

insert  into `pelajaran`(`id`,`nama_pelajaran`,`created_at`,`updated_at`) values (1,'Matematika',NULL,NULL),(2,'Biologi',NULL,NULL),(3,'Fisika',NULL,NULL);

/*Table structure for table `personal_access_tokens` */

DROP TABLE IF EXISTS `personal_access_tokens`;

CREATE TABLE `personal_access_tokens` (
  `id` bigint unsigned NOT NULL AUTO_INCREMENT,
  `tokenable_type` varchar(255) COLLATE utf8mb4_unicode_ci NOT NULL,
  `tokenable_id` bigint unsigned NOT NULL,
  `name` varchar(255) COLLATE utf8mb4_unicode_ci NOT NULL,
  `token` varchar(64) COLLATE utf8mb4_unicode_ci NOT NULL,
  `abilities` text COLLATE utf8mb4_unicode_ci,
  `last_used_at` timestamp NULL DEFAULT NULL,
  `expires_at` timestamp NULL DEFAULT NULL,
  `created_at` timestamp NULL DEFAULT NULL,
  `updated_at` timestamp NULL DEFAULT NULL,
  PRIMARY KEY (`id`),
  UNIQUE KEY `personal_access_tokens_token_unique` (`token`),
  KEY `personal_access_tokens_tokenable_type_tokenable_id_index` (`tokenable_type`,`tokenable_id`)
) ENGINE=InnoDB DEFAULT CHARSET=utf8mb4 COLLATE=utf8mb4_unicode_ci;

/*Data for the table `personal_access_tokens` */

/*Table structure for table `sessions` */

DROP TABLE IF EXISTS `sessions`;

CREATE TABLE `sessions` (
  `id` varchar(255) COLLATE utf8mb4_unicode_ci NOT NULL,
  `user_id` bigint unsigned DEFAULT NULL,
  `ip_address` varchar(45) COLLATE utf8mb4_unicode_ci DEFAULT NULL,
  `user_agent` text COLLATE utf8mb4_unicode_ci,
  `payload` longtext COLLATE utf8mb4_unicode_ci NOT NULL,
  `last_activity` int NOT NULL,
  PRIMARY KEY (`id`),
  KEY `sessions_user_id_index` (`user_id`),
  KEY `sessions_last_activity_index` (`last_activity`)
) ENGINE=InnoDB DEFAULT CHARSET=utf8mb4 COLLATE=utf8mb4_unicode_ci;

/*Data for the table `sessions` */

insert  into `sessions`(`id`,`user_id`,`ip_address`,`user_agent`,`payload`,`last_activity`) values ('EHxziKNbiB8g23Pk5Styzxg9g0MwUCjv2DDRnqqZ',NULL,'192.168.236.252','Mozilla/5.0 (Windows NT 10.0; Win64; x64) AppleWebKit/537.36 (KHTML, like Gecko) Chrome/130.0.0.0 Safari/537.36','YTozOntzOjY6Il90b2tlbiI7czo0MDoiVWs0b05Zd2pxTUxnWGU1Q2YzMUNsUVkyTUMyUUx4SWpYaDEyYk9xNyI7czo5OiJfcHJldmlvdXMiO2E6MTp7czozOiJ1cmwiO3M6MzM6Imh0dHA6Ly8xOTIuMTY4LjIzNi41Nzo4MDAwL3NlbnNvciI7fXM6NjoiX2ZsYXNoIjthOjI6e3M6Mzoib2xkIjthOjA6e31zOjM6Im5ldyI7YTowOnt9fX0=',1731827588),('GR6gNOcPBXCze4Ft5Nd0DT3h76yKJiUuLDkYL6Ut',NULL,'192.168.236.57','Mozilla/5.0 (Windows NT 10.0; Win64; x64) AppleWebKit/537.36 (KHTML, like Gecko) Chrome/130.0.0.0 Safari/537.36','YTozOntzOjY6Il90b2tlbiI7czo0MDoiQUxIR2IxeGVoSk1xb0lGNXdIdGxhOUhrcUs5djlSVWZBVTF4Q2tsSSI7czo5OiJfcHJldmlvdXMiO2E6MTp7czozOiJ1cmwiO3M6MjY6Imh0dHA6Ly8xOTIuMTY4LjIzNi41Nzo4MDAwIjt9czo2OiJfZmxhc2giO2E6Mjp7czozOiJvbGQiO2E6MDp7fXM6MzoibmV3IjthOjA6e319fQ==',1731826027),('kgdV7JQrNEXUaYqYSl3OktG7odxT6srKNRgFVbUY',NULL,'192.168.236.222','Mozilla/5.0 (Linux; Android 10; K) AppleWebKit/537.36 (KHTML, like Gecko) Chrome/131.0.0.0 Mobile Safari/537.36','YTozOntzOjY6Il90b2tlbiI7czo0MDoid3JoS0ZRbFNDNGJKTk9ldHZpeUduNjhBbEJqSFZ1OVM2SzBBbGJwSCI7czo5OiJfcHJldmlvdXMiO2E6MTp7czozOiJ1cmwiO3M6MzM6Imh0dHA6Ly8xOTIuMTY4LjIzNi41Nzo4MDAwL3NlbnNvciI7fXM6NjoiX2ZsYXNoIjthOjI6e3M6Mzoib2xkIjthOjA6e31zOjM6Im5ldyI7YTowOnt9fX0=',1731825778),('qjIoVUHbrqLhwzpBfnBfCq5TzUuIfWyUGcJq4EZQ',NULL,'192.168.236.250','Mozilla/5.0 (Linux; Android 10; K) AppleWebKit/537.36 (KHTML, like Gecko) Chrome/129.0.0.0 Mobile Safari/537.36','YTozOntzOjY6Il90b2tlbiI7czo0MDoiYjlueUlzTmVhcTBFakVQRjFmOHR2ZktkbDZBbVQ2M2JGTFVPZHBHciI7czo5OiJfcHJldmlvdXMiO2E6MTp7czozOiJ1cmwiO3M6MzM6Imh0dHA6Ly8xOTIuMTY4LjIzNi41Nzo4MDAwL3NlbnNvciI7fXM6NjoiX2ZsYXNoIjthOjI6e3M6Mzoib2xkIjthOjA6e31zOjM6Im5ldyI7YTowOnt9fX0=',1731827579);

/*Table structure for table `siswas` */

DROP TABLE IF EXISTS `siswas`;

CREATE TABLE `siswas` (
  `id` bigint unsigned NOT NULL AUTO_INCREMENT,
  `nis` varchar(255) COLLATE utf8mb4_unicode_ci NOT NULL,
  `nama` varchar(255) COLLATE utf8mb4_unicode_ci NOT NULL,
  `alamat` varchar(255) COLLATE utf8mb4_unicode_ci NOT NULL,
  `jurusan` varchar(255) COLLATE utf8mb4_unicode_ci NOT NULL,
  `tahun_angkatan` varchar(255) COLLATE utf8mb4_unicode_ci NOT NULL,
  `created_at` timestamp NULL DEFAULT NULL,
  `updated_at` timestamp NULL DEFAULT NULL,
  PRIMARY KEY (`id`)
) ENGINE=InnoDB AUTO_INCREMENT=4 DEFAULT CHARSET=utf8mb4 COLLATE=utf8mb4_unicode_ci;

/*Data for the table `siswas` */

insert  into `siswas`(`id`,`nis`,`nama`,`alamat`,`jurusan`,`tahun_angkatan`,`created_at`,`updated_at`) values (1,'101','Roni','Dumia','IPA','2024',NULL,NULL),(2,'102','Sania','MEdan','IPS','2024',NULL,NULL);

/*Table structure for table `users` */

DROP TABLE IF EXISTS `users`;

CREATE TABLE `users` (
  `id` bigint unsigned NOT NULL AUTO_INCREMENT,
  `name` varchar(255) COLLATE utf8mb4_unicode_ci NOT NULL,
  `email` varchar(255) COLLATE utf8mb4_unicode_ci NOT NULL,
  `email_verified_at` timestamp NULL DEFAULT NULL,
  `password` varchar(255) COLLATE utf8mb4_unicode_ci NOT NULL,
  `remember_token` varchar(100) COLLATE utf8mb4_unicode_ci DEFAULT NULL,
  `created_at` timestamp NULL DEFAULT NULL,
  `updated_at` timestamp NULL DEFAULT NULL,
  PRIMARY KEY (`id`),
  UNIQUE KEY `users_email_unique` (`email`)
) ENGINE=InnoDB DEFAULT CHARSET=utf8mb4 COLLATE=utf8mb4_unicode_ci;

/*Data for the table `users` */

/*!40101 SET SQL_MODE=@OLD_SQL_MODE */;
/*!40014 SET FOREIGN_KEY_CHECKS=@OLD_FOREIGN_KEY_CHECKS */;
/*!40014 SET UNIQUE_CHECKS=@OLD_UNIQUE_CHECKS */;
/*!40111 SET SQL_NOTES=@OLD_SQL_NOTES */;
